candidate_id,name,age,gender,state,qualification
1,Max Sinha,34,Male,Maharashtra,Graduate
2,Aarav Shanker,29,Male,Maharashtra,Graduate
3,Zayan Bansal,34,Male,Delhi,Post Graduate
4,Avi Contractor,23,Female,Maharashtra,Post Graduate
5,Daksh Bala,22,Female,UP,Graduate
6,Jeet Warrior,29,Male,UP,Post Graduate
7,Sathvik Raman,26,Female,Maharashtra,Post Graduate
8,Vaishnavi Gour,21,Male,UP,Post Graduate
9,Aarnav Goel,28,Male,Delhi,Post Graduate
10,Daksh Dyal,29,Female,Maharashtra,Post Graduate
11,Aachal Natarajan,32,Female,UP,Post Graduate
12,Nihal Gulati,26,Female,Delhi,Graduate
13,Ojas Bhasin,33,Female,Delhi,Graduate
14,Yashvi Doctor,35,Female,Maharashtra,Graduate
15,Ekapad Desai,20,Male,UP,Graduate
16,Lopa Arya,35,Male,Maharashtra,Graduate
17,Ikbal Saran,21,Female,UP,Graduate
18,Neel Khalsa,34,Male,Bihar,Graduate
19,Forum Kapadia,19,Male,UP,Graduate
20,Veer Sawhney,27,Female,Bihar,Graduate
21,Yash Date,21,Male,Delhi,Graduate
22,Anika Baria,30,Male,Bihar,Graduate
23,Wridesh Modi,21,Male,Bihar,Graduate
24,Owen Varty,35,Female,Delhi,Post Graduate
25,Leela Halder,31,Male,Delhi,Post Graduate
26,Zayyan Sandal,29,Male,Bihar,Post Graduate
27,Bhavini Yogi,18,Female,UP,Post Graduate
28,Harsh Varghese,28,Male,UP,Graduate
29,Suhani Mandal,19,Male,Bihar,Graduate
30,Jagrati Saraf,25,Male,Delhi,Graduate
31,Krishna Keer,33,Male,Bihar,Post Graduate
32,Jackson Dayal,30,Male,Maharashtra,Graduate
33,Tara Badami,28,Male,Delhi,Post Graduate
34,Charita Rajagopalan,22,Male,UP,Graduate
35,Dhriti Parikh,19,Female,Delhi,Graduate
36,Amaira Shetty,33,Female,Delhi,Post Graduate
37,Abdul Lad,23,Male,Bihar,Graduate
38,Chanakya Behl,31,Female,Maharashtra,Graduate
39,Qabil Sibal,25,Female,Maharashtra,Graduate
40,Jairaj Walla,22,Female,Bihar,Graduate
41,Darpan Nadkarni,26,Male,Delhi,Graduate
42,Pushti Minhas,34,Male,Delhi,Post Graduate
43,Ubika Parmar,20,Female,UP,Post Graduate
44,Qasim Dhar,28,Male,UP,Graduate
45,Yasti Mohanty,25,Female,Bihar,Post Graduate
46,Aarini Chatterjee,31,Female,Maharashtra,Graduate
47,Rajeshri Mohanty,31,Male,Maharashtra,Post Graduate
48,Azad Sarma,28,Male,Bihar,Graduate
49,Charan Dewan,21,Male,Bihar,Post Graduate
50,Simon Behl,18,Female,Maharashtra,Post Graduate
51,Orinder Thaker,19,Female,Bihar,Graduate
52,Warinder Hegde,31,Female,Delhi,Post Graduate
53,Tripti Mall,30,Female,Delhi,Graduate
54,Abhimanyu Mukhopadhyay,31,Female,Maharashtra,Graduate
55,Arya Bal,30,Male,Maharashtra,Post Graduate
56,Bhavini De,24,Male,Maharashtra,Post Graduate
57,Yadavi Jani,26,Female,Bihar,Post Graduate
58,Zaid Dash,23,Male,Maharashtra,Graduate
59,Chaaya Hegde,30,Male,UP,Post Graduate
60,Girik Ranganathan,33,Female,Maharashtra,Graduate
61,Chaaya Mander,24,Male,Delhi,Post Graduate
62,Manthan Bath,21,Female,Maharashtra,Graduate
63,Brijesh Dash,32,Male,UP,Graduate
64,Jonathan Mall,23,Male,Maharashtra,Post Graduate
65,Orinder Gole,34,Female,Maharashtra,Post Graduate
66,Dipta Mammen,26,Female,Maharashtra,Graduate
67,David Toor,35,Female,Maharashtra,Post Graduate
68,Yug Sankar,29,Female,Bihar,Post Graduate
69,Hitesh Biswas,32,Male,Delhi,Post Graduate
70,Yug Bhattacharyya,22,Female,Bihar,Graduate
71,Urvashi Bajaj,29,Male,Maharashtra,Post Graduate
72,Isaac Das,31,Female,Bihar,Post Graduate
73,Nathaniel Chaudhry,27,Male,Bihar,Post Graduate
74,Chavvi Divan,20,Male,UP,Post Graduate
75,Christopher Manda,30,Male,Delhi,Graduate
76,Chatura Hari,25,Male,Maharashtra,Post Graduate
77,Charita Chand,19,Male,Maharashtra,Graduate
78,Unni Dubey,26,Male,Delhi,Post Graduate
79,Theodore Bhalla,28,Male,Bihar,Graduate
80,Zarna Pall,20,Female,UP,Graduate
81,Kala Sachdeva,26,Male,UP,Graduate
82,Omisha Rana,30,Female,Maharashtra,Graduate
83,Yasti Kadakia,18,Male,UP,Post Graduate
84,Arya Jha,23,Female,Maharashtra,Graduate
85,Suhani Thaman,22,Male,Delhi,Graduate
86,Ronith Ganguly,31,Male,Maharashtra,Graduate
87,Zaitra Nagy,35,Female,UP,Graduate
88,Laksh Gour,24,Female,Maharashtra,Graduate
89,Zilmil Nori,20,Male,Maharashtra,Graduate
90,Urishilla Lall,23,Female,Delhi,Graduate
91,Faraj Thaker,23,Male,Bihar,Graduate
92,Janani Hora,31,Female,Maharashtra,Graduate
93,Balveer Luthra,19,Female,UP,Post Graduate
94,Manan Sawhney,23,Female,UP,Graduate
95,Yachana Mody,20,Male,Maharashtra,Graduate
96,Nilima Shah,22,Male,Bihar,Post Graduate
97,Triveni Keer,26,Male,UP,Graduate
98,Chatresh Dugar,19,Female,Maharashtra,Graduate
99,Ekaraj Radhakrishnan,18,Male,Maharashtra,Graduate
100,Harshil Kalla,32,Female,UP,Graduate
101,Luke Rajan,19,Male,Maharashtra,Graduate
102,Hemangini Varma,21,Male,Maharashtra,Post Graduate
103,Ranbir Nath,23,Female,Maharashtra,Post Graduate
104,Vrishti Palla,23,Female,Delhi,Post Graduate
105,Ekansh Walla,28,Male,Delhi,Graduate
106,Januja Manda,23,Female,Bihar,Graduate
107,Aarini Bhasin,28,Male,Maharashtra,Graduate
108,Eta Acharya,35,Female,Bihar,Post Graduate
109,Vedhika Sarma,25,Male,Bihar,Post Graduate
110,Mason Konda,19,Male,Bihar,Post Graduate
111,Udyati Chaudhry,23,Male,Maharashtra,Post Graduate
112,Abha Contractor,18,Male,UP,Post Graduate
113,Saanvi Mallick,19,Male,UP,Post Graduate
114,Maya Bawa,20,Female,Bihar,Graduate
115,Reva Sethi,27,Female,Bihar,Post Graduate
116,Vincent Soman,18,Female,Delhi,Graduate
117,Diya Lata,29,Female,Maharashtra,Graduate
118,Chakradev Panchal,23,Female,Delhi,Post Graduate
119,Tripti Thakur,26,Female,Bihar,Post Graduate
120,Umang Issac,31,Female,Delhi,Post Graduate
121,Urvi Joshi,23,Female,UP,Graduate
122,Bakhshi Dada,27,Female,Bihar,Post Graduate
123,Qarin Jhaveri,20,Male,Bihar,Post Graduate
124,Amol Luthra,30,Male,Bihar,Graduate
125,Lakshmi Sandhu,18,Male,Bihar,Post Graduate
126,Hamsini Gaba,34,Female,Maharashtra,Graduate
127,Nitesh Deep,24,Female,UP,Graduate
128,Sudiksha Varma,19,Female,Maharashtra,Graduate
129,Fariq Deshpande,28,Female,UP,Graduate
130,Bishakha Kar,23,Female,Maharashtra,Graduate
131,Raghav Mody,30,Female,Maharashtra,Post Graduate
132,Gautam Dara,23,Female,Delhi,Graduate
133,Yamini Kumar,22,Male,Delhi,Post Graduate
134,Yahvi Raghavan,26,Male,Delhi,Post Graduate
135,Varenya Baria,32,Male,UP,Graduate
136,Varsha Dua,34,Female,UP,Graduate
137,Siddharth Sura,31,Female,UP,Graduate
138,Jackson Bahl,30,Male,Maharashtra,Post Graduate
139,Hemal Mahajan,21,Female,Bihar,Post Graduate
140,Vidhi Kapur,20,Male,Delhi,Graduate
141,Suhani Baral,35,Female,Delhi,Post Graduate
142,Gaurang Minhas,27,Male,Bihar,Post Graduate
143,Varenya Rege,32,Female,UP,Graduate
144,Oliver Rau,24,Female,UP,Post Graduate
145,Ikshita Vasa,34,Male,UP,Post Graduate
146,Jatin Wali,35,Male,UP,Post Graduate
147,Abhimanyu Bala,27,Female,UP,Post Graduate
148,Adweta Chanda,29,Female,UP,Post Graduate
149,Chandresh Tara,25,Male,Delhi,Graduate
150,Aadi Thakkar,25,Male,Delhi,Post Graduate
151,Ijaya Mutti,24,Male,Bihar,Graduate
152,Aadhya Khanna,27,Female,Delhi,Graduate
153,Benjamin Mishra,18,Female,Bihar,Post Graduate
154,Dipta Sahni,29,Female,Bihar,Graduate
155,Patrick Bahri,26,Male,Delhi,Graduate
156,Arjun Sathe,23,Female,UP,Graduate
157,Girindra Luthra,19,Male,Delhi,Graduate
158,Kritika Bains,22,Male,Maharashtra,Post Graduate
159,Vaishnavi Bassi,22,Female,Maharashtra,Post Graduate
160,Yashoda Khalsa,33,Female,Maharashtra,Graduate
161,Chakradev Raman,24,Female,Delhi,Graduate
162,Keya Modi,28,Male,Bihar,Graduate
163,Lucky Khosla,35,Female,Delhi,Post Graduate
164,Shivani Doctor,25,Female,UP,Graduate
165,Charles Dhar,33,Female,Maharashtra,Graduate
166,Ganga Chopra,27,Male,Delhi,Post Graduate
167,Ganga Rattan,24,Female,Maharashtra,Post Graduate
168,Anay Kamdar,32,Female,Bihar,Post Graduate
169,Wakeeta Divan,23,Female,Bihar,Post Graduate
170,Amrita Dutta,28,Female,Bihar,Post Graduate
171,Benjamin Menon,19,Female,Delhi,Graduate
172,Chandani Warrior,34,Female,UP,Graduate
173,Jatin Agrawal,32,Male,Maharashtra,Post Graduate
174,Fitan Deep,27,Male,UP,Post Graduate
175,Gauri Thaker,35,Female,Bihar,Post Graduate
176,Om Malhotra,25,Female,Delhi,Post Graduate
177,Krisha Sood,34,Female,UP,Post Graduate
178,Jeet Lata,23,Male,UP,Post Graduate
179,Omkaar Kibe,24,Male,Maharashtra,Graduate
180,Chatresh Chandra,34,Female,UP,Graduate
181,Yoshita Jani,24,Female,Maharashtra,Post Graduate
182,Imaran Vala,19,Male,UP,Post Graduate
183,Shaurya Soni,22,Female,Delhi,Graduate
184,Veer Narula,23,Male,Bihar,Graduate
185,Gaurangi Sama,28,Female,Maharashtra,Post Graduate
186,Tripti Chawla,28,Male,Maharashtra,Graduate
187,Baljiwan Din,29,Male,UP,Post Graduate
188,Aayush Guha,20,Female,Delhi,Graduate
189,Hemangini Mitter,21,Female,UP,Graduate
190,Aarush Chokshi,26,Female,Delhi,Graduate
191,Harini Borra,34,Female,Bihar,Post Graduate
192,Zaitra Chaudry,32,Female,Maharashtra,Graduate
193,Vincent Soman,25,Female,Delhi,Post Graduate
194,Harish Varughese,29,Female,Bihar,Graduate
195,Azaan Bhandari,25,Female,UP,Post Graduate
196,Parth Manda,32,Female,Bihar,Post Graduate
197,Ojasvi Butala,21,Male,Delhi,Graduate
198,Jagvi Vohra,24,Female,Bihar,Post Graduate
199,Ekani Seth,35,Female,UP,Graduate
200,Nimrat Acharya,35,Female,UP,Graduate
201,Mahika Das,32,Female,Delhi,Graduate
202,Gavin Konda,31,Male,Bihar,Graduate
203,William Dass,18,Male,Bihar,Post Graduate
204,Balveer Thakkar,22,Female,Maharashtra,Post Graduate
205,Noah Thaman,22,Male,Delhi,Post Graduate
206,Dakshesh Karpe,22,Female,UP,Graduate
207,Tarak Thaker,32,Female,Delhi,Post Graduate
208,Abdul Hayre,34,Male,Maharashtra,Graduate
209,Tristan Sarin,21,Male,Delhi,Post Graduate
210,Nidra Char,26,Male,UP,Graduate
211,Aarush Sarna,32,Male,Maharashtra,Post Graduate
212,Vritti Tella,22,Male,UP,Graduate
213,Amrita Narain,27,Male,Bihar,Graduate
214,Chandresh Uppal,20,Male,Maharashtra,Graduate
215,Sanaya Tak,27,Male,Maharashtra,Graduate
216,Riya Pandit,29,Male,Bihar,Post Graduate
217,Laban Nagarajan,34,Female,UP,Graduate
218,Ishani Ray,29,Male,Bihar,Post Graduate
219,Falak Bora,30,Female,UP,Graduate
220,Chandani Dhawan,30,Male,Bihar,Post Graduate
221,Yuvraj Chakrabarti,28,Male,Maharashtra,Graduate
222,Ekanta Zacharia,21,Male,UP,Post Graduate
223,Gagan Nanda,33,Female,Bihar,Post Graduate
224,Isaiah Bhandari,29,Female,UP,Graduate
225,Upasna Deep,26,Female,Maharashtra,Post Graduate
226,Andrew Brahmbhatt,32,Female,Delhi,Graduate
227,Indali Wason,20,Male,Maharashtra,Post Graduate
228,Bhavna Tak,33,Male,Bihar,Post Graduate
229,Lohit Panchal,26,Male,UP,Graduate
230,Yahvi Ramesh,20,Female,Maharashtra,Graduate
231,Wahab Parmar,25,Male,UP,Graduate
232,Nachiket Thaker,21,Male,Bihar,Post Graduate
233,Qarin Tiwari,28,Male,Bihar,Graduate
234,Nilima Vaidya,25,Male,UP,Post Graduate
235,Hamsini Bawa,34,Male,UP,Post Graduate
236,Atharv Dutta,30,Female,UP,Graduate
237,Lila Andra,22,Male,Bihar,Post Graduate
238,Odika Kumar,35,Female,Maharashtra,Post Graduate
239,Rehaan Iyengar,22,Female,Maharashtra,Graduate
240,Gunbir Kari,25,Male,UP,Post Graduate
241,Nisha Rajagopalan,30,Male,Bihar,Post Graduate
242,Ishita Gole,22,Male,Delhi,Post Graduate
243,Ria Gole,19,Female,Delhi,Post Graduate
244,Yutika Nigam,21,Female,UP,Post Graduate
245,Yashvi Bhavsar,26,Male,Maharashtra,Graduate
246,Quincy Sengupta,26,Female,Maharashtra,Post Graduate
247,Wishi Gara,31,Female,UP,Graduate
248,Lekha Mohanty,26,Female,Maharashtra,Post Graduate
249,Qushi Sawhney,21,Male,Bihar,Graduate
250,Prisha Varughese,24,Male,Maharashtra,Graduate
251,Yahvi Nagy,25,Female,UP,Post Graduate
252,Jatin Koshy,22,Male,Delhi,Graduate
253,Aarini Issac,23,Female,Maharashtra,Graduate
254,Ishita Sawhney,35,Female,Delhi,Graduate
255,Yachana Guha,22,Female,Maharashtra,Post Graduate
256,Forum Saxena,35,Male,Maharashtra,Post Graduate
257,Pavani Deep,32,Male,Bihar,Post Graduate
258,Dayita Nori,20,Male,Maharashtra,Post Graduate
259,Vrishti Raman,23,Male,UP,Post Graduate
260,Nathaniel Kibe,26,Female,Maharashtra,Graduate
261,Chaitanya Kohli,23,Male,UP,Graduate
262,Dakshesh Lad,24,Male,UP,Graduate
263,Charvi Bains,29,Male,Bihar,Post Graduate
264,Chakradhar Bajaj,31,Female,Maharashtra,Post Graduate
265,Anvi Shanker,31,Male,UP,Graduate
266,Bakhshi Ram,28,Male,Maharashtra,Graduate
267,Libni Korpal,30,Female,Bihar,Graduate
268,Michael Karpe,25,Male,Delhi,Graduate
269,Oscar Baria,25,Female,Maharashtra,Post Graduate
270,Kevin Agate,23,Male,Maharashtra,Graduate
271,Jai Dhar,22,Male,Maharashtra,Post Graduate
272,Gavin Kale,22,Female,Bihar,Graduate
273,Wyatt Gandhi,18,Male,Delhi,Post Graduate
274,Advik Kulkarni,19,Female,Maharashtra,Graduate
275,Irya Bora,19,Female,Bihar,Graduate
276,Vincent Patel,20,Male,UP,Graduate
277,Riya Dada,26,Female,Delhi,Graduate
278,Tanay Bhat,35,Male,Delhi,Graduate
279,Karan Chhabra,35,Male,Maharashtra,Graduate
280,Caleb Karpe,27,Male,Delhi,Graduate
281,Krishna Mukherjee,29,Female,Delhi,Graduate
282,Dayita Nayak,23,Male,UP,Graduate
283,Keya Chaudhary,24,Male,UP,Post Graduate
284,Aarush Bhattacharyya,21,Male,Maharashtra,Graduate
285,Vihaan Cherian,25,Female,Maharashtra,Post Graduate
286,Bina Randhawa,20,Female,Bihar,Graduate
287,Omkaar Rajagopalan,33,Male,Bihar,Graduate
288,Kevin Sane,21,Male,Delhi,Graduate
289,Praneel Khurana,31,Male,Delhi,Post Graduate
290,Anika Sabharwal,35,Male,Bihar,Post Graduate
291,Radhika Chaudhuri,26,Male,Delhi,Post Graduate
292,Meghana Chandra,20,Female,Bihar,Post Graduate
293,Vasana Mall,29,Male,Delhi,Post Graduate
294,Nathaniel Chauhan,19,Female,UP,Graduate
295,Pranav Devi,35,Female,Delhi,Graduate
296,Yadavi Peri,28,Male,Bihar,Graduate
297,Amol Reddy,21,Female,Delhi,Graduate
298,Parth Rastogi,18,Male,Maharashtra,Graduate
299,Gautami Khurana,28,Female,Bihar,Post Graduate
300,Vasana Bala,21,Male,Bihar,Post Graduate
301,Dhriti Mand,22,Female,Bihar,Graduate
302,Amaira Taneja,26,Male,Delhi,Post Graduate
303,Caleb Johal,30,Male,Maharashtra,Graduate
304,Arunima Mand,27,Female,Maharashtra,Graduate
305,Yoshita Kota,34,Female,Bihar,Graduate
306,Noah Kara,33,Female,UP,Post Graduate
307,Madhavi Srivastava,30,Male,Maharashtra,Post Graduate
308,Urmi Hora,24,Female,Maharashtra,Graduate
309,Pushti Sarma,22,Female,UP,Post Graduate
310,Kala Halder,19,Male,Delhi,Post Graduate
311,Ekiya Yohannan,31,Male,Maharashtra,Post Graduate
312,Harish Deshmukh,22,Male,UP,Graduate
313,Dhruv Shankar,27,Male,Bihar,Graduate
314,Wyatt Dhillon,25,Male,Bihar,Post Graduate
315,Balvan Nath,26,Female,Maharashtra,Post Graduate
316,Ekavir Bansal,22,Female,Bihar,Graduate
317,Gautam Sood,27,Male,Delhi,Post Graduate
318,Chakrika Parekh,28,Male,Bihar,Graduate
319,Eesha Gulati,21,Female,UP,Graduate
320,Chanchal Nagy,21,Male,Delhi,Post Graduate
321,Harita Suresh,25,Female,Maharashtra,Post Graduate
322,Leela Karan,31,Female,UP,Graduate
323,Zashil Samra,24,Male,Maharashtra,Post Graduate
324,Ucchal Bera,20,Female,UP,Post Graduate
325,Orinder Dalal,20,Female,Bihar,Post Graduate
326,Max Bera,19,Female,UP,Graduate
327,Reva Comar,32,Female,Bihar,Post Graduate
328,Rehaan Toor,30,Male,Maharashtra,Post Graduate
329,Victor Babu,21,Female,Bihar,Graduate
330,Kashish Gulati,18,Male,Delhi,Post Graduate
331,Ronith Baral,23,Male,Maharashtra,Post Graduate
332,Bakhshi Vig,31,Female,Delhi,Post Graduate
333,Orinder Rajan,33,Male,Delhi,Graduate
334,Madhav Zachariah,31,Female,Bihar,Graduate
335,Harsh Shankar,30,Male,Bihar,Post Graduate
336,Tarak Jha,22,Female,Maharashtra,Graduate
337,Falak Mand,27,Male,Delhi,Graduate
338,Daksha Sarin,28,Male,Maharashtra,Post Graduate
339,Veer Pradhan,32,Male,Bihar,Post Graduate
340,Udarsh Loyal,35,Male,UP,Graduate
341,Anthony Goswami,25,Male,Bihar,Graduate
342,Hardik Nayak,25,Female,Bihar,Graduate
343,Chameli Gokhale,30,Male,UP,Post Graduate
344,Janya Patil,20,Female,UP,Post Graduate
345,Hitesh Chowdhury,28,Female,Delhi,Graduate
346,Ekapad Seshadri,19,Male,UP,Post Graduate
347,Shivani Puri,32,Male,Delhi,Graduate
348,Noah Palan,31,Female,Delhi,Post Graduate
349,Daksha Natt,34,Female,Bihar,Graduate
350,Jairaj Sen,28,Female,Maharashtra,Post Graduate
351,Yashasvi Doshi,25,Male,Maharashtra,Post Graduate
352,Nandini Sant,29,Female,UP,Post Graduate
353,Wahab Bhardwaj,19,Male,Bihar,Graduate
354,Adweta Munshi,18,Male,Delhi,Post Graduate
355,Vedant Ranganathan,29,Female,Bihar,Graduate
356,Wridesh Bhat,30,Male,UP,Graduate
357,Utkarsh Rout,21,Male,Bihar,Post Graduate
358,Anjali Sundaram,32,Female,Bihar,Post Graduate
359,Daksha Kade,25,Male,UP,Post Graduate
360,Aarush Ahluwalia,31,Female,Maharashtra,Post Graduate
361,Rohan Nazareth,33,Male,Maharashtra,Post Graduate
362,Anamika Varkey,24,Female,Bihar,Graduate
363,Peter Sane,30,Male,UP,Graduate
364,Ayaan Kar,33,Male,UP,Graduate
365,Umang Nayak,30,Female,Delhi,Post Graduate
366,Ubika Shan,23,Female,Bihar,Post Graduate
367,Ekalinga Choudhury,35,Female,Delhi,Graduate
368,Fitan Kant,32,Male,Delhi,Post Graduate
369,Girindra Toor,30,Female,Bihar,Post Graduate
370,Bhavika Jhaveri,32,Female,Maharashtra,Graduate
371,Adya Khalsa,34,Male,Bihar,Post Graduate
372,Yahvi Pandya,27,Female,Maharashtra,Post Graduate
373,Aradhana Bumb,24,Female,Maharashtra,Graduate
374,Yutika Sha,28,Male,Maharashtra,Post Graduate
375,Gavin Tandon,29,Female,Delhi,Graduate
376,Kabir Balakrishnan,33,Female,UP,Graduate
377,Yutika Morar,33,Female,Delhi,Graduate
378,Pallavi Dada,35,Female,UP,Graduate
379,Urvashi Shankar,29,Female,Maharashtra,Post Graduate
380,Indira Balasubramanian,22,Male,UP,Post Graduate
381,Manya Sachdev,33,Female,Delhi,Post Graduate
382,Nandini Iyer,23,Female,Bihar,Graduate
383,Jackson Kurian,35,Male,Bihar,Post Graduate
384,Nachiket Pillay,20,Female,Maharashtra,Post Graduate
385,Wyatt Wason,21,Female,Maharashtra,Post Graduate
386,Dipta Mani,22,Female,Bihar,Graduate
387,Aadi Luthra,20,Female,Maharashtra,Graduate
388,Qushi Saraf,20,Female,Bihar,Graduate
389,Udyati Jayaraman,22,Male,UP,Graduate
390,Nilima Trivedi,27,Female,Bihar,Post Graduate
391,Wridesh Datta,34,Female,UP,Post Graduate
392,Vedant Khatri,32,Male,UP,Post Graduate
393,Nitara Kota,29,Male,Bihar,Post Graduate
394,Rehaan Singh,19,Female,UP,Graduate
395,Finn Ganesan,33,Female,Maharashtra,Graduate
396,Geetika Bhandari,35,Female,Bihar,Graduate
397,Frederick Narula,30,Female,Bihar,Graduate
398,Pahal Devi,34,Female,UP,Graduate
399,Farhan Brahmbhatt,21,Female,Bihar,Graduate
400,Oliver Joshi,33,Male,UP,Graduate
401,Ronith Kunda,31,Male,Delhi,Post Graduate
402,Frederick Radhakrishnan,22,Female,Delhi,Graduate
403,Zehaan Padmanabhan,26,Male,Bihar,Post Graduate
404,Vinaya Kadakia,18,Female,UP,Graduate
405,Ojasvi Johal,30,Female,Delhi,Post Graduate
406,Guneet Sarin,27,Female,Bihar,Post Graduate
407,Bimala Sur,25,Male,Bihar,Graduate
408,Zashil Sant,29,Female,UP,Post Graduate
409,Chasmum Salvi,28,Female,Delhi,Graduate
410,Ekalinga Sawhney,24,Male,Delhi,Graduate
411,Anvi Raju,22,Male,Maharashtra,Post Graduate
412,Maanav Dewan,30,Male,Bihar,Graduate
413,Praneel Sampath,19,Male,Delhi,Post Graduate
414,Geetika Narain,25,Male,Bihar,Graduate
415,Finn Yogi,21,Female,UP,Post Graduate
416,Falan Sule,34,Female,Maharashtra,Graduate
417,Tarak Garg,24,Male,UP,Post Graduate
418,Alka Halder,21,Female,Maharashtra,Post Graduate
419,Neelima Batta,22,Female,Maharashtra,Graduate
420,Ekavir Arora,33,Male,UP,Post Graduate
421,Ekanta Soman,24,Male,Delhi,Graduate
422,Varsha Palla,21,Male,Bihar,Post Graduate
423,Saanvi Golla,34,Male,UP,Post Graduate
424,Falguni Singhal,23,Male,Delhi,Graduate
425,Warda Dave,29,Female,UP,Graduate
426,Deepa Munshi,29,Female,Delhi,Graduate
427,Zayyan Jaggi,23,Female,UP,Post Graduate
428,Jonathan Kothari,27,Male,Delhi,Post Graduate
429,Inaya Johal,25,Male,Delhi,Graduate
430,Aarna Sibal,33,Female,UP,Post Graduate
431,Hamsini Wagle,25,Female,Delhi,Post Graduate
432,Rohan Wason,20,Male,Maharashtra,Graduate
433,Abeer Butala,22,Female,UP,Post Graduate
434,Vansha Chakrabarti,31,Male,Bihar,Post Graduate
435,Pranav Dora,23,Female,Bihar,Post Graduate
436,Yashodhara Ramanathan,20,Male,Maharashtra,Post Graduate
437,Mitesh Gulati,35,Male,Maharashtra,Post Graduate
438,Dalbir Chowdhury,34,Male,Bihar,Graduate
439,Idika Memon,23,Female,Maharashtra,Post Graduate
440,Vasudha Mani,18,Male,UP,Graduate
441,Dhriti Virk,28,Female,Maharashtra,Post Graduate
442,Bakhshi Raval,20,Male,UP,Post Graduate
443,Divya Gulati,31,Female,Maharashtra,Post Graduate
444,Hritik Virk,31,Female,Maharashtra,Graduate
445,Warinder Khare,21,Male,Bihar,Graduate
446,Zashil Tank,26,Female,Maharashtra,Post Graduate
447,Nitesh Bose,18,Female,Delhi,Graduate
448,Bhavya Sura,28,Female,UP,Graduate
449,Hemang Sarkar,26,Female,Bihar,Graduate
450,Vrinda Dora,24,Male,Bihar,Graduate
451,Timothy Memon,26,Male,UP,Post Graduate
452,Waida Khurana,28,Male,Bihar,Post Graduate
453,Aarush Munshi,29,Male,Maharashtra,Post Graduate
454,Nicholas Malhotra,22,Male,UP,Graduate
455,Dhruv Chhabra,32,Female,Maharashtra,Graduate
456,Ijaya Choudhary,25,Female,Maharashtra,Post Graduate
457,Oni Sant,34,Male,Delhi,Post Graduate
458,Janaki Sehgal,26,Male,Delhi,Post Graduate
459,Mitesh Nayar,31,Female,Bihar,Graduate
460,Neha Varghese,26,Male,Delhi,Post Graduate
461,Adya Sastry,27,Male,Delhi,Graduate
462,Vrinda Bose,31,Male,Maharashtra,Graduate
463,Sachi Wable,30,Female,UP,Graduate
464,Idika Upadhyay,27,Female,Delhi,Graduate
465,Pavani Dube,23,Female,Delhi,Post Graduate
466,Indali Bassi,23,Female,Delhi,Post Graduate
467,Kamala Chaudhary,22,Male,UP,Graduate
468,Sai Barman,32,Male,Delhi,Graduate
469,Devansh Dey,27,Female,Delhi,Graduate
470,Gautam Cherian,18,Male,Bihar,Post Graduate
471,Elijah Bhatnagar,27,Female,UP,Post Graduate
472,Chakrika Sibal,27,Female,Delhi,Post Graduate
473,Vidhi Padmanabhan,20,Female,UP,Graduate
474,Ranbir Ramakrishnan,26,Male,UP,Graduate
475,Sathvik Bala,22,Female,Bihar,Graduate
476,Yagnesh Shah,18,Female,Maharashtra,Post Graduate
477,Ranveer Kota,30,Female,UP,Graduate
478,Lipika Mohan,33,Female,Maharashtra,Post Graduate
479,Divya Rastogi,28,Female,Delhi,Graduate
480,Sneha Shankar,22,Female,Delhi,Post Graduate
481,Qarin Choudhary,25,Male,Bihar,Post Graduate
482,Fiyaz Sahni,20,Female,Maharashtra,Graduate
483,Tanveer Gade,18,Male,UP,Graduate
484,Hemangini Gopal,35,Male,Maharashtra,Graduate
485,Quincy Ben,20,Female,UP,Post Graduate
486,Anthony Anand,31,Female,Delhi,Post Graduate
487,Megha Bose,33,Male,UP,Graduate
488,Harini Morar,32,Male,Delhi,Graduate
489,Timothy Salvi,30,Female,UP,Post Graduate
490,Gaurika Kohli,29,Female,UP,Graduate
491,Inaya Mohan,32,Male,Maharashtra,Post Graduate
492,Anthony Chauhan,21,Female,Maharashtra,Post Graduate
493,Ubika Babu,33,Male,UP,Graduate
494,Nathan Apte,18,Male,Delhi,Graduate
495,Jacob Badami,32,Female,Bihar,Graduate
496,Anusha Manne,34,Female,UP,Graduate
497,Diya Vig,28,Male,Maharashtra,Graduate
498,Devansh Vig,22,Female,UP,Post Graduate
499,Viraj Bera,33,Male,UP,Graduate
500,Xavier Dugal,33,Female,UP,Post Graduate
501,Michael Khatri,30,Female,Bihar,Post Graduate
502,Aayush Arora,27,Male,Bihar,Post Graduate
503,Urvashi Koshy,32,Female,Delhi,Graduate
504,Patrick Shan,18,Male,Bihar,Graduate
505,Damini Balan,29,Male,Delhi,Post Graduate
506,Anusha Jaggi,22,Female,Delhi,Graduate
507,Wakeeta Ramesh,35,Female,Delhi,Graduate
508,Xiti Subramaniam,24,Male,Bihar,Graduate
509,Wazir Narang,22,Male,Bihar,Post Graduate
510,Gayathri Patil,19,Male,UP,Graduate
511,Balhaar Chahal,31,Male,Bihar,Graduate
512,Gavin Subramanian,29,Male,Delhi,Post Graduate
513,Netra Murty,25,Female,Delhi,Post Graduate
514,Yatin Agate,18,Male,Delhi,Post Graduate
515,Jagat Mukherjee,20,Male,UP,Post Graduate
516,Manya Varghese,24,Female,Bihar,Graduate
517,Anthony Parikh,27,Female,Delhi,Post Graduate
518,Ishita Dyal,22,Female,Maharashtra,Post Graduate
519,Saanvi Boase,30,Female,UP,Post Graduate
520,Lakshmi Pillay,18,Female,Delhi,Post Graduate
521,Aarush Luthra,18,Female,Bihar,Graduate
522,Ekani Devan,32,Male,Maharashtra,Post Graduate
523,Bhavya Prashad,28,Male,Maharashtra,Graduate
524,Ishanvi Upadhyay,21,Male,Maharashtra,Post Graduate
525,Jairaj Shan,23,Male,UP,Graduate
526,Chakrika Butala,22,Female,Maharashtra,Post Graduate
527,Saksham Iyengar,19,Female,Maharashtra,Graduate
528,Bachittar Samra,22,Female,Maharashtra,Post Graduate
529,Niharika Srivastava,26,Female,UP,Post Graduate
530,Yochana Hegde,32,Female,Maharashtra,Graduate
531,Pranav Singh,26,Female,Maharashtra,Graduate
532,Pavani Hans,33,Female,UP,Graduate
533,Chaitaly Doshi,24,Male,UP,Graduate
534,Yahvi Tank,23,Male,UP,Graduate
535,Harita Chokshi,23,Male,Delhi,Graduate
536,Matthew Doshi,26,Male,Bihar,Graduate
537,Finn Chand,28,Male,UP,Graduate
538,Rachit Jayaraman,18,Female,Delhi,Post Graduate
539,Ekaraj Lalla,21,Female,Delhi,Post Graduate
540,Oviya Sodhi,35,Male,Delhi,Post Graduate
541,Balhaar Batra,23,Female,Bihar,Post Graduate
542,Ryan Nagar,20,Female,Maharashtra,Graduate
543,Mugdha Sathe,33,Female,Bihar,Graduate
544,Orinder Arya,32,Female,Delhi,Post Graduate
545,Daksha Khanna,20,Male,Maharashtra,Graduate
546,Fitan Talwar,29,Male,Delhi,Graduate
547,Keya Saran,30,Female,Bihar,Graduate
548,Saumya Sur,20,Female,Delhi,Graduate
549,Ladli Biswas,18,Male,UP,Post Graduate
550,Rachita Bakshi,32,Male,Delhi,Post Graduate
551,Harish Arora,32,Male,UP,Graduate
552,Frederick Vyas,31,Male,Bihar,Post Graduate
553,Qadim Shroff,34,Male,Maharashtra,Post Graduate
554,Urvi Mukhopadhyay,24,Male,Bihar,Post Graduate
555,Ishaan Wable,33,Female,Delhi,Graduate
556,Falguni Arora,29,Female,Delhi,Graduate
557,Lila Lad,22,Female,Bihar,Graduate
558,Fariq Borah,20,Male,Bihar,Graduate
559,Sanya Sani,35,Male,Maharashtra,Post Graduate
560,Chaman Mander,20,Female,Maharashtra,Post Graduate
561,Mahika Nagar,18,Female,Bihar,Graduate
562,Zashil Chada,30,Male,Maharashtra,Post Graduate
563,Balendra Rajagopalan,19,Male,Maharashtra,Post Graduate
564,Krishna Bora,28,Female,Maharashtra,Graduate
565,Balveer Lal,34,Female,Maharashtra,Graduate
566,Diya Thaman,28,Male,UP,Graduate
567,Madhavi Mukhopadhyay,25,Male,Maharashtra,Graduate
568,Jonathan Naik,24,Female,UP,Graduate
569,Falak Balakrishnan,31,Male,Maharashtra,Graduate
570,Yutika Patla,22,Male,Bihar,Graduate
571,Lipika Mutti,32,Male,Delhi,Graduate
572,Vedika Sem,27,Female,Maharashtra,Graduate
573,Wahab Thaman,24,Male,Bihar,Post Graduate
574,Agastya Bajwa,22,Female,UP,Graduate
575,Dalbir Pandit,19,Female,Maharashtra,Graduate
576,Ishanvi Krishnan,30,Male,Delhi,Post Graduate
577,Omisha Joshi,18,Female,Bihar,Graduate
578,Amrita Dhillon,31,Male,UP,Graduate
579,Shravya Khatri,23,Male,Delhi,Post Graduate
580,Samarth Sunder,32,Male,Bihar,Graduate
581,Rudra Master,24,Male,Bihar,Post Graduate
582,Samuel Tandon,30,Male,Maharashtra,Post Graduate
583,Utkarsh Mutti,27,Female,Bihar,Post Graduate
584,Balhaar Parmer,28,Female,Delhi,Post Graduate
585,Devika Verma,20,Male,UP,Post Graduate
586,Deepa Rai,20,Male,Bihar,Graduate
587,Amrita Yogi,35,Female,Maharashtra,Graduate
588,Balvan Ramesh,20,Female,UP,Post Graduate
589,Janani Gopal,28,Female,Maharashtra,Graduate
590,Ucchal Mahajan,27,Female,UP,Post Graduate
591,Anusha Chaudry,29,Female,UP,Post Graduate
592,Saksham Sheth,20,Female,Bihar,Post Graduate
593,Gavin Doctor,31,Female,Delhi,Graduate
594,Vedhika Sharma,26,Male,Maharashtra,Post Graduate
595,Harshil Bains,21,Female,Delhi,Post Graduate
596,Arunima Das,31,Female,Maharashtra,Graduate
597,Eshana Wason,26,Male,Delhi,Post Graduate
598,Xavier Majumdar,34,Female,Delhi,Post Graduate
599,Sara Ganesh,29,Male,Maharashtra,Graduate
600,Oviya Garg,34,Male,Maharashtra,Graduate
601,Radha Wagle,34,Female,UP,Post Graduate
602,Sara Muni,21,Female,Bihar,Graduate
603,Chaman Bhasin,26,Female,UP,Post Graduate
604,Ekta Srivastava,30,Female,UP,Graduate
605,Pahal Dubey,27,Male,Bihar,Post Graduate
606,Isaiah Dugal,23,Female,Bihar,Post Graduate
607,Varenya Ravel,24,Female,UP,Graduate
608,Yatan Chad,19,Male,Delhi,Post Graduate
609,Mohini De,26,Female,UP,Post Graduate
610,Chaman Sekhon,25,Male,Delhi,Post Graduate
611,Tripti Ravi,35,Male,Maharashtra,Post Graduate
612,Janani Sankar,31,Female,Delhi,Graduate
613,Kabir Dugar,27,Male,UP,Post Graduate
614,Ekalinga Sekhon,26,Female,Bihar,Post Graduate
615,Urishilla Madan,26,Female,Bihar,Graduate
616,Ubika Mutti,35,Male,Maharashtra,Graduate
617,Siya Mital,29,Female,Maharashtra,Post Graduate
618,Upkaar Joshi,24,Female,Delhi,Post Graduate
619,Frederick Mohan,22,Male,UP,Post Graduate
620,Laban Cherian,33,Male,Bihar,Graduate
621,Sanaya Chadha,34,Female,Delhi,Post Graduate
622,Leela Som,30,Female,UP,Graduate
623,Daniel Kannan,28,Male,UP,Post Graduate
624,Harinakshi Borra,20,Female,Maharashtra,Post Graduate
625,Mugdha Bhatt,29,Female,Delhi,Graduate
626,Zarna Shetty,21,Female,UP,Graduate
627,Faqid Lala,34,Female,Bihar,Post Graduate
628,Damyanti Nigam,30,Female,UP,Graduate
629,Meghana Chaudhuri,18,Male,Maharashtra,Graduate
630,Yashica Chandra,29,Female,UP,Post Graduate
631,Anjali Bhatnagar,20,Female,UP,Post Graduate
632,Kabir Padmanabhan,19,Female,Bihar,Graduate
633,Aryan Sur,32,Male,Maharashtra,Post Graduate
634,Divya Dora,20,Male,Bihar,Graduate
635,Ikshita Sahota,31,Female,Delhi,Graduate
636,Anjali Padmanabhan,26,Female,Delhi,Graduate
637,Chandran Swaminathan,25,Female,Maharashtra,Post Graduate
638,Zansi Kale,28,Male,Delhi,Graduate
639,Sudiksha Pau,32,Female,Delhi,Post Graduate
640,Abdul Kurian,32,Female,UP,Graduate
641,Caleb Pradhan,35,Male,Bihar,Graduate
642,Sathvik Behl,23,Male,Bihar,Post Graduate
643,Jagdish Sem,26,Male,Bihar,Post Graduate
644,Kritika Sane,26,Female,Bihar,Post Graduate
645,Hritik Taneja,23,Male,Maharashtra,Post Graduate
646,Harinakshi Sur,32,Male,Maharashtra,Graduate
647,Ubika Gole,30,Male,UP,Graduate
648,Nicholas Thakur,23,Male,Bihar,Post Graduate
649,Faqid Natt,26,Female,Bihar,Post Graduate
650,Vyanjana Bhatia,25,Male,Maharashtra,Graduate
651,Ayushman Chadha,21,Female,Delhi,Graduate
652,Krisha Barad,34,Male,Bihar,Graduate
653,Chandran Yohannan,33,Male,Delhi,Graduate
654,Rachita Sachar,31,Female,UP,Post Graduate
655,Frado Tank,32,Male,Bihar,Post Graduate
656,Ekaraj Verma,18,Female,UP,Post Graduate
657,Anjali Bala,28,Male,Delhi,Post Graduate
658,Januja Mody,24,Male,Delhi,Graduate
659,Ekani Seth,19,Female,UP,Post Graduate
660,Nirja Chanda,27,Female,Maharashtra,Graduate
661,Luke Divan,23,Male,Delhi,Post Graduate
662,Yash Misra,18,Male,UP,Post Graduate
663,Sneha Rastogi,23,Female,Maharashtra,Graduate
664,Lakshit Dasgupta,35,Male,Maharashtra,Post Graduate
665,Jason Bava,28,Female,Delhi,Graduate
666,Yutika Nori,24,Female,Maharashtra,Post Graduate
667,Maanas Bakshi,33,Female,Maharashtra,Graduate
668,Aradhana Edwin,24,Male,Bihar,Graduate
669,Yachana Vig,31,Male,Delhi,Post Graduate
670,Eta Kadakia,20,Male,Maharashtra,Graduate
671,Omkaar Gulati,30,Male,Maharashtra,Post Graduate
672,Bhavini Vasa,31,Female,UP,Post Graduate
673,Baljiwan Thaman,26,Male,Maharashtra,Post Graduate
674,Yagnesh Bahl,25,Female,Maharashtra,Post Graduate
675,Kabir Garde,35,Male,Maharashtra,Post Graduate
676,Neelima Golla,26,Male,UP,Post Graduate
677,Yashasvi Arya,34,Female,Maharashtra,Graduate
678,Lajita Rattan,31,Female,Bihar,Graduate
679,Samaksh Arora,18,Male,Delhi,Graduate
680,Elijah Pillay,26,Male,UP,Graduate
681,Ekantika Palla,26,Male,UP,Graduate
682,Anthony Kapadia,21,Female,Maharashtra,Post Graduate
683,Shivansh Chawla,32,Female,Delhi,Graduate
684,Rachit Dua,24,Female,Delhi,Post Graduate
685,Gunbir Ganesh,21,Female,UP,Graduate
686,George Saraf,24,Female,Maharashtra,Graduate
687,Damini Bal,35,Male,Delhi,Graduate
688,Yashodhara Modi,24,Male,Delhi,Graduate
689,Dayamai Wali,29,Female,Maharashtra,Post Graduate
690,Indrajit Chaudhary,28,Male,Maharashtra,Graduate
691,Harinakshi Mammen,33,Male,Delhi,Post Graduate
692,Azaan Behl,30,Male,Maharashtra,Graduate
693,Saanvi Swamy,32,Female,Bihar,Post Graduate
694,Yashoda Kala,23,Female,Maharashtra,Graduate
695,Pushti Bahri,27,Male,Delhi,Graduate
696,Max Lal,35,Female,UP,Post Graduate
697,Utkarsh Mitra,19,Female,Maharashtra,Graduate
698,Vedhika Kibe,23,Female,Bihar,Post Graduate
699,Abhimanyu Sane,24,Female,Maharashtra,Graduate
700,Radhika Sawhney,22,Female,UP,Graduate
701,Thomas Bansal,23,Female,Bihar,Graduate
702,Oviya Sharaf,33,Male,Maharashtra,Post Graduate
703,Yadavi Tank,22,Female,UP,Post Graduate
704,Frado Purohit,25,Male,Bihar,Post Graduate
705,Anthony Devan,22,Female,Delhi,Post Graduate
706,Odika Bala,18,Male,Bihar,Graduate
707,Isha Roy,19,Female,Bihar,Post Graduate
708,Lohit Prasad,30,Male,Maharashtra,Post Graduate
709,Raagini Sankaran,32,Female,Maharashtra,Post Graduate
710,Zansi Sampath,23,Female,Bihar,Graduate
711,Oscar Kamdar,19,Male,Maharashtra,Graduate
712,Samaksh Agarwal,30,Male,UP,Graduate
713,Lucky Ramaswamy,35,Male,Maharashtra,Post Graduate
714,Henry Wali,22,Female,Bihar,Post Graduate
715,Maanas Natt,29,Female,UP,Graduate
716,Ikbal Manne,22,Male,Bihar,Post Graduate
717,Vritti Nair,21,Female,Bihar,Post Graduate
718,Anmol Dani,33,Male,Delhi,Graduate
719,Vansha Bhasin,33,Female,Bihar,Graduate
720,Sanya Malhotra,19,Male,Delhi,Post Graduate
721,Wahab Sem,23,Female,Maharashtra,Graduate
722,Zansi Mangat,27,Male,Delhi,Graduate
723,Girish Andra,32,Male,Maharashtra,Graduate
724,Chasmum Koshy,35,Male,Maharashtra,Graduate
725,Thomas Ahluwalia,25,Female,Delhi,Graduate
726,Chakradev Borde,18,Male,UP,Graduate
727,Hemang Bawa,23,Female,Delhi,Graduate
728,Brinda Bahri,31,Female,Maharashtra,Post Graduate
729,Meghana Kannan,22,Female,Maharashtra,Graduate
730,Reva Chadha,26,Female,Delhi,Post Graduate
731,Teerth Bora,32,Female,Delhi,Graduate
732,Tanvi Date,23,Male,UP,Post Graduate
733,Nakul Ray,25,Male,Bihar,Post Graduate
734,Pranav Bail,34,Male,Bihar,Post Graduate
735,Wazir Dugal,26,Female,Delhi,Post Graduate
736,Gagan Malhotra,25,Female,UP,Post Graduate
737,Urvashi Gour,26,Female,Bihar,Graduate
738,Aarini Iyengar,30,Female,Bihar,Graduate
739,Jasmit Seth,35,Male,Bihar,Post Graduate
740,Qushi Tak,19,Female,UP,Post Graduate
741,Harsh Dada,31,Female,Delhi,Post Graduate
742,Diya Minhas,18,Male,Maharashtra,Graduate
743,Thomas Nagy,33,Female,Delhi,Graduate
744,Ati Handa,35,Male,Delhi,Post Graduate
745,Shravya Khanna,28,Male,Bihar,Graduate
746,Manbir Nagy,32,Male,Bihar,Post Graduate
747,Brijesh Purohit,27,Male,Bihar,Post Graduate
748,Yug Garg,19,Male,UP,Post Graduate
749,Joshua Nagy,19,Male,Delhi,Graduate
750,Guneet Prabhu,33,Female,Delhi,Post Graduate
751,Maanav Toor,18,Male,Delhi,Post Graduate
752,Saanvi Shere,30,Female,Bihar,Graduate
753,Kai Som,32,Male,Bihar,Graduate
754,Aradhana Parsa,21,Female,Bihar,Graduate
755,Tanmayi Chaudry,32,Female,Delhi,Post Graduate
756,Odika Karan,31,Male,UP,Post Graduate
757,Laban Dhawan,25,Male,Maharashtra,Post Graduate
758,Aashi Kant,32,Male,Bihar,Post Graduate
759,Ikbal Rattan,35,Male,Bihar,Graduate
760,Kabir Bhat,35,Male,Maharashtra,Graduate
761,Aadhya Rege,34,Male,UP,Post Graduate
762,Baljiwan Seshadri,23,Female,Maharashtra,Post Graduate
763,Rajeshri Jaggi,21,Female,Delhi,Graduate
764,Liam Borah,18,Female,Delhi,Post Graduate
765,Oviya Manda,31,Male,Bihar,Graduate
766,Ojas Rai,29,Male,Maharashtra,Post Graduate
767,Maanav Dhingra,24,Female,Delhi,Post Graduate
768,Gaurav Sahota,25,Female,Bihar,Graduate
769,Imaran Lata,35,Female,Bihar,Post Graduate
770,Samaksh Manda,35,Female,UP,Post Graduate
771,Yoshita Chandra,27,Female,Bihar,Post Graduate
772,Bhavani Kanda,31,Male,Delhi,Graduate
773,Raagini Viswanathan,34,Female,Delhi,Post Graduate
774,Champak Dewan,18,Male,Maharashtra,Graduate
775,Isha Agrawal,31,Male,Maharashtra,Graduate
776,Aahana Pingle,28,Male,Bihar,Graduate
777,Gautami Sangha,27,Female,Maharashtra,Post Graduate
778,Nakul Choudhary,28,Male,UP,Post Graduate
779,Indali Ben,18,Female,Maharashtra,Graduate
780,Eshana Krishnan,26,Female,Delhi,Post Graduate
781,Ranveer Mani,28,Female,Delhi,Graduate
782,Vinaya Raja,29,Female,UP,Graduate
783,Zehaan Memon,27,Female,Delhi,Post Graduate
784,Zansi Panchal,24,Male,Bihar,Post Graduate
785,Chaitaly Yadav,32,Female,Maharashtra,Graduate
786,Daksha Chander,27,Male,Bihar,Graduate
787,Amrita Borde,21,Female,Bihar,Post Graduate
788,Yauvani Rastogi,23,Male,Delhi,Graduate
789,Sathvik Nori,32,Female,UP,Post Graduate
790,Tara Patla,31,Male,Maharashtra,Graduate
791,Anvi Luthra,35,Female,Delhi,Post Graduate
792,Bhavya Shere,30,Male,UP,Graduate
793,Jagrati Nair,20,Female,Maharashtra,Graduate
794,Jagrati Deep,34,Male,Delhi,Graduate
795,Ekavir Dewan,27,Female,UP,Post Graduate
796,Jeremiah Raj,26,Male,Maharashtra,Post Graduate
797,Pavani Singhal,19,Female,Delhi,Post Graduate
798,Falan Patla,21,Female,UP,Post Graduate
799,Ekiya Jha,19,Male,Bihar,Graduate
800,Gayathri Gaba,24,Female,Delhi,Post Graduate
801,Barkha Rai,22,Female,UP,Post Graduate
802,Mohini Sarkar,31,Male,Bihar,Graduate
803,Charvi Bahl,34,Female,Delhi,Graduate
804,Jackson Sibal,19,Female,Bihar,Post Graduate
805,Gaurangi Golla,21,Male,Maharashtra,Graduate
806,Yashodhara Sem,20,Female,Bihar,Post Graduate
807,Ucchal Dutta,23,Female,Delhi,Post Graduate
808,Chanakya Naik,35,Female,Delhi,Post Graduate
809,Ladli Dhar,18,Female,Delhi,Post Graduate
810,Pushti Vig,27,Male,Maharashtra,Post Graduate
811,Charles Tripathi,20,Male,UP,Graduate
812,Upadhriti Sidhu,22,Female,Delhi,Graduate
813,Yuvraj Dalal,24,Male,Bihar,Graduate
814,Tanveer Nori,24,Male,Delhi,Post Graduate
815,Noah Mandal,24,Female,Delhi,Graduate
816,Adya Bawa,28,Male,Maharashtra,Graduate
817,Abhiram Dutta,21,Female,Delhi,Post Graduate
818,Advay Thaker,30,Male,UP,Post Graduate
819,Ayush Nagar,26,Male,Bihar,Post Graduate
820,Ishita Misra,29,Female,UP,Graduate
821,Bhavini Walla,33,Male,Delhi,Post Graduate
822,Vasatika Nayak,31,Male,Maharashtra,Graduate
823,Tamanna Ratta,27,Male,Maharashtra,Graduate
824,Amol Dugar,19,Female,Bihar,Post Graduate
825,Caleb Om,24,Male,Delhi,Post Graduate
826,Bina Gour,20,Male,Delhi,Graduate
827,Ira Sengupta,18,Male,Maharashtra,Graduate
828,Ayush Gole,20,Male,Bihar,Post Graduate
829,Ethan Arora,35,Female,Maharashtra,Post Graduate
830,Chakradhar Kakar,25,Female,UP,Graduate
831,Anusha Chhabra,20,Male,UP,Graduate
832,Vasudha Oak,35,Male,UP,Graduate
833,Harrison Kar,26,Male,Maharashtra,Graduate
834,Nitesh Sant,33,Female,Maharashtra,Graduate
835,Warhi Chand,18,Female,Bihar,Post Graduate
836,Girik Mander,23,Male,UP,Post Graduate
837,Jagdish Lad,22,Male,Maharashtra,Post Graduate
838,Vinaya Sami,18,Female,Delhi,Graduate
839,Sudiksha Subramaniam,22,Male,Maharashtra,Graduate
840,Ishanvi Kaur,19,Female,Delhi,Graduate
841,Kai Varughese,29,Female,UP,Post Graduate
842,Brijesh Sane,27,Female,Maharashtra,Post Graduate
843,Parth Banerjee,32,Female,UP,Graduate
844,Yoshita Mannan,28,Male,Maharashtra,Post Graduate
845,Falguni Iyengar,22,Male,UP,Post Graduate
846,Kalpit Seshadri,28,Male,Delhi,Graduate
847,Eesha Jani,29,Female,Bihar,Post Graduate
848,Rachita Tella,25,Male,UP,Post Graduate
849,Karan Ranganathan,19,Male,Maharashtra,Graduate
850,Charles Sharaf,32,Male,Bihar,Post Graduate
851,Anvi Varughese,21,Male,Bihar,Graduate
852,Wakeeta De,19,Female,Maharashtra,Graduate
853,Chavvi Mandal,29,Female,UP,Post Graduate
854,Vanya Choudhry,32,Female,Maharashtra,Post Graduate
855,Daksha Dhawan,22,Male,Maharashtra,Graduate
856,Amara Sarma,29,Female,Maharashtra,Post Graduate
857,Max Mani,22,Male,Maharashtra,Post Graduate
858,Yashodhara Saran,18,Female,UP,Post Graduate
859,Leena Naik,29,Female,Maharashtra,Graduate
860,Vinaya Kala,22,Female,Delhi,Graduate
861,Ekalinga Morar,21,Male,Delhi,Graduate
862,Ranveer Oommen,34,Female,Delhi,Graduate
863,Aarini Ranganathan,23,Female,UP,Graduate
864,Baljiwan Keer,35,Male,Delhi,Graduate
865,Zilmil Patla,25,Male,UP,Graduate
866,Janani Soni,26,Female,UP,Post Graduate
867,Watika Gill,32,Male,Delhi,Graduate
868,Tanish Kakar,34,Male,Bihar,Graduate
869,Dalaja Divan,32,Female,Bihar,Post Graduate
870,Fariq Agate,35,Female,UP,Graduate
871,Aarini Walla,18,Female,Bihar,Graduate
872,Harinakshi Jani,18,Female,Delhi,Post Graduate
873,Raksha Ramaswamy,30,Female,UP,Post Graduate
874,Mugdha Khosla,23,Female,Maharashtra,Graduate
875,Gavin Solanki,18,Male,UP,Post Graduate
876,Jeet Loke,25,Female,Maharashtra,Post Graduate
877,Tejas Korpal,27,Female,UP,Post Graduate
878,Urvi Khatri,28,Male,Delhi,Graduate
879,Nitara Dara,35,Male,Bihar,Graduate
880,Shivansh Dhaliwal,30,Female,UP,Post Graduate
881,Jalsa Oak,22,Male,Bihar,Graduate
882,Ekaja Jha,22,Female,UP,Graduate
883,Ekapad Apte,22,Male,Maharashtra,Graduate
884,Brijesh Borra,28,Male,Bihar,Graduate
885,Xalak Rama,26,Male,Delhi,Graduate
886,Laksh Tara,23,Female,Delhi,Graduate
887,Diya Ganesh,34,Male,Maharashtra,Graduate
888,Aarini Uppal,27,Male,Maharashtra,Post Graduate
889,Liam Chana,34,Female,Maharashtra,Post Graduate
890,Saksham Shankar,28,Female,Maharashtra,Post Graduate
891,Vedika Mittal,28,Male,Maharashtra,Graduate
892,Vrishti Tata,35,Female,Maharashtra,Post Graduate
893,Pavani Dara,20,Male,Maharashtra,Post Graduate
894,Faras Subramaniam,26,Female,Bihar,Graduate
895,Rajata Mane,32,Male,Delhi,Graduate
896,Vasatika Manne,29,Male,UP,Graduate
897,Megha Seshadri,34,Male,UP,Graduate
898,Zashil Dhingra,19,Male,Maharashtra,Graduate
899,Maanav Kanda,28,Male,Bihar,Post Graduate
900,Hemani Pillai,18,Male,Bihar,Post Graduate
901,Jairaj Bose,31,Female,Maharashtra,Post Graduate
902,Hemang Rajagopal,20,Female,Delhi,Post Graduate
903,Chatresh Brahmbhatt,18,Female,Maharashtra,Post Graduate
904,Elijah Dugar,27,Male,Maharashtra,Graduate
905,Raghav Khare,24,Male,Delhi,Graduate
906,Warhi Dayal,29,Male,Delhi,Graduate
907,Christopher Kapadia,19,Male,Maharashtra,Graduate
908,Januja Kunda,19,Female,Maharashtra,Graduate
909,Chasmum Bains,18,Female,Maharashtra,Graduate
910,Pushti Lanka,26,Female,Maharashtra,Graduate
911,Deepa Sarin,23,Male,Maharashtra,Graduate
912,Jasmit Mani,28,Male,UP,Post Graduate
913,Laban Raval,23,Male,UP,Post Graduate
914,Charvi Manne,19,Male,Bihar,Graduate
915,Nisha Andra,27,Female,Delhi,Graduate
916,Ronith Warrior,35,Female,Bihar,Post Graduate
917,Vivaan Kunda,20,Female,Maharashtra,Post Graduate
918,Timothy Sidhu,23,Female,Bihar,Graduate
919,Naksh Koshy,18,Male,Maharashtra,Graduate
920,Jason Suresh,35,Male,Bihar,Graduate
921,Gautam Rege,23,Male,Bihar,Graduate
922,Naveen Mutti,28,Male,Maharashtra,Post Graduate
923,Neel Bora,20,Female,Delhi,Graduate
924,Anusha Dewan,26,Female,Bihar,Graduate
925,Lakshmi Bumb,30,Female,UP,Graduate
926,Vrinda Sinha,18,Female,Bihar,Post Graduate
927,Naksh Dua,28,Female,Maharashtra,Post Graduate
928,Luke Walia,31,Male,Maharashtra,Post Graduate
929,Aditya Basak,25,Female,Maharashtra,Post Graduate
930,Priya Deol,21,Male,Maharashtra,Graduate
931,Arunima Sood,26,Female,Maharashtra,Graduate
932,Megha Mishra,28,Male,Bihar,Graduate
933,Chakradhar Arya,33,Male,Bihar,Post Graduate
934,Nirja Brahmbhatt,26,Male,Delhi,Graduate
935,Hamsini Mitra,27,Female,Bihar,Post Graduate
936,Advika Agate,25,Female,Maharashtra,Post Graduate
937,Hardik Gopal,21,Female,Maharashtra,Graduate
938,Nihal Taneja,28,Female,Bihar,Graduate
939,Alexander Jaggi,25,Female,Delhi,Post Graduate
940,Aarav Dubey,34,Male,Maharashtra,Graduate
941,Ayush Ray,32,Female,Bihar,Graduate
942,Ekalinga Ahluwalia,21,Female,UP,Graduate
943,Sneha Ram,24,Male,UP,Post Graduate
944,Omaja Bava,18,Female,Maharashtra,Graduate
945,Jai Mohanty,33,Female,UP,Post Graduate
946,Omkaar Chopra,28,Female,Delhi,Post Graduate
947,Aayush Cherian,22,Female,UP,Post Graduate
948,Deepa Jaggi,32,Female,Delhi,Post Graduate
949,Ekaja Savant,24,Male,Bihar,Post Graduate
950,Onkar Badal,31,Male,Maharashtra,Graduate
951,Warinder Nazareth,23,Female,Maharashtra,Post Graduate
952,Aarnav Khosla,23,Female,Delhi,Graduate
953,Oeshi Pillai,31,Female,Maharashtra,Post Graduate
954,Girish Nayar,22,Female,Bihar,Graduate
955,Veda Sankaran,18,Male,UP,Graduate
956,Yamini Barad,30,Male,UP,Post Graduate
957,Wriddhish Shere,23,Male,Maharashtra,Post Graduate
958,Pavani Sridhar,30,Female,Maharashtra,Graduate
959,Advik Chowdhury,32,Male,Bihar,Post Graduate
960,Michael Toor,18,Female,Maharashtra,Graduate
961,Teerth Chhabra,32,Female,Delhi,Graduate
962,Jagdish Doctor,30,Female,UP,Post Graduate
963,Owen Saha,30,Male,Maharashtra,Graduate
964,Radhika Bora,28,Female,Maharashtra,Graduate
965,Teerth Dutt,18,Male,Bihar,Post Graduate
966,Charles Aurora,25,Female,Bihar,Graduate
967,Sachi Hegde,19,Male,UP,Post Graduate
968,Keya Kunda,28,Female,Bihar,Post Graduate
969,Aarav Mani,19,Female,UP,Graduate
970,Vinaya Prabhu,20,Female,Bihar,Graduate
971,Abdul Mandal,33,Male,Bihar,Post Graduate
972,Ishwar Vala,31,Male,UP,Graduate
973,Urvashi Chakraborty,23,Female,Delhi,Graduate
974,Sanya Palla,35,Female,Bihar,Graduate
975,Tejas Rout,27,Female,Maharashtra,Graduate
976,Balveer Vig,34,Male,UP,Graduate
977,Nakul Wali,35,Female,UP,Post Graduate
978,Aahana Patil,20,Male,UP,Graduate
979,Azaan Din,24,Female,Delhi,Post Graduate
980,Shravya Ray,35,Male,UP,Post Graduate
981,Nisha Madan,21,Male,Bihar,Graduate
982,Rushil Edwin,19,Female,UP,Post Graduate
983,Oeshi Pandit,28,Male,UP,Graduate
984,Baghyawati Date,29,Female,Maharashtra,Graduate
985,Aishani Choudhry,18,Male,Bihar,Post Graduate
986,Nathaniel Goda,26,Male,Delhi,Graduate
987,Hema Ratti,27,Female,Delhi,Graduate
988,Farhan Kadakia,25,Male,Bihar,Post Graduate
989,Chameli Palla,29,Female,Bihar,Graduate
990,Nathaniel Minhas,26,Male,Maharashtra,Graduate
991,Chameli Lad,33,Female,UP,Graduate
992,Tanish Dave,22,Female,UP,Graduate
993,Vaishnavi Bansal,31,Female,UP,Post Graduate
994,Dayita Soni,35,Female,Maharashtra,Graduate
995,Urmi Nagy,18,Male,UP,Post Graduate
996,Nicholas Hari,29,Male,Delhi,Graduate
997,Samarth Banik,26,Male,Bihar,Post Graduate
998,Amruta Bhagat,34,Male,UP,Graduate
999,Caleb Raghavan,22,Female,Maharashtra,Graduate
1000,Ladli Barad,19,Female,Bihar,Post Graduate
